id,role,name,userid,psword,clearance,status,deleted_on,deleted_by,UserName,email,phoneNo,Role,Clearance,groups,Passwords,Status
1711717611,ad,22,2,2e,3.0,Enabled,2024-04-01 16:33:57.917943,on,,,,,,,,
1711717633,1,2,3,4,5.0,Disabled,2024-04-01 16:33:59.614592,on,,,,,,,,
1711970016,gh,m,n,n,n,,2024-04-01 16:43:42.516097,on,,,,,,,,
1712037622,kl,;m,m,m,m,,2024-04-02 18:59:19.769444,on,,,,,,,,
1712035395,cdv,dfg,fh,fh,fh,,2024-04-02 18:59:21.126164,on,,,,,,,,
1712065853,,,,nnm,,,2024-04-02 19:20:56.495071,on,,,,,,,,
1712125257,2,2,2,2,22,,2024-04-03 11:51:04.691400,on,,,,,,,,
1711717653,a,b,c,d,11111111.0,Enabled,2024-04-03 13:27:52.056337,on,,,,,,,,
1712134947,approver,Bharati Bhopale,2,5,900078978,,2024-04-04 12:42:56.521112,s,,,,,,,,
1712134704,approver,s,s,s,sh,,2024-04-04 12:51:13.297496,s,,,,,,,,
1712222810,admin,,,,3,,2024-04-04 14:58:17.327457,s,,,,,,,,
1712141257,approver,g,g,g,,,2024-04-04 15:19:41.938483,s,,,,,,,,
1712224159,approver,Jyoti Bhopale,jwqeghq4,wdf,,,2024-04-04 17:12:47.790577,p1,,,,,,,,
1712223919,approver,Jyoti Bhopale,jk,aaaaaaaaa,,,2024-04-04 17:12:48.854516,p1,,,,,,,,
1712222878,admin,pratiksha,p1,p1,,,2024-04-04 17:12:49.799640,p1,,,,,,,,
1712221789,approver,l,j,j,,,2024-04-04 17:12:50.757180,p1,,,,,,,,
1712214175,approver,a,a,aaasa,,,2024-04-04 17:12:56.316861,p1,,,,,,,,
1712141310,approver,df,df,dfgfgfgg,,,2024-04-04 18:36:09.758002,r,,,,,,,,
1712214768,maker,pb,pb,pass,,,2024-04-04 18:40:04.350223,r,,,,,,,,
1712148535,admin,Bharati Bhopalerjnb,rcvhbn,rrrrrrrrvn,,,2024-04-04 18:40:11.129057,r,,,,,,,,
1712237134,maker,gfjh,fhtg,gfhhfhfghhgjjj,1,,2024-04-04 18:55:48.617988,r,,,,,,,,
1712237178,admin,Jyoti Bhopale,dg,gfdh,3,,2024-04-04 18:56:24.915368,r,,,,,,,,
1712237119,approver,dfgdf,fghf,fghfhg,2,,2024-04-04 18:56:26.099588,r,,,,,,,,
1712146980,admin,Bharati Bhopaler,r,rrrrrrrr,,,2024-04-04 18:56:26.861074,r,,,,,,,,
1712146952,maker,Bharati Bhopale,090,bnm,,,2024-04-04 18:56:27.480821,r,,,,,,,,
1712142954,approver,Jyoti Bhopale,45,passs@123,,,2024-04-04 18:56:28.583597,r,,,,,,,,
1712141678,approver,34,34,34,,,2024-04-04 18:56:32.778692,r,,,,,,,,
1712237413,approver,Jyoti Bhopale,123,123,2,inactive,2024-04-05 11:18:58.509022,pb,,,,,,,,
1111,admin,pb,pb,pb,3,inactive,2024-04-05 11:24:01.498137,pb,,,,,,,,
1111,admin,pb,pb,pb,3,Active,2024-04-05 11:35:35.243340,pb,,,,,,,,
1712298560,admin,on,on,on,3,Active,2024-04-05 11:59:39.436833,pb,,,,,,,,
1712298560,admin,on,on,on,3,Active,2024-04-05 11:59:39.436833,pb,,,,,,,,
1712298381,admin,,,,3,Active,2024-04-05 11:59:44.918675,pb,,,,,,,,
1111,admin,pb,pb,pb,1,Active,2024-04-05 12:00:41.284620,pb,,,,,,,,
2222,approver,jk,jk,jk,2,inactive,2024-04-05 15:01:27.700870,on,,,,,,,,
1712298671,admin,vc,vc,vc,3,inactive,2024-04-05 15:07:01.758743,on,,,,,,,,
1712309993,maker,vc,vc,vc,1,Active,2024-04-05 15:10:06.893799,on,,,,,,,,
1712310593,approver,Jyoti Bhopale,j,j,2,Active,2024-04-05 15:22:50.423449,on,,,,,,,,
1712309977,approver,jk,jk,jk,2,Active,2024-04-05 15:22:53.828988,on,,,,,,,,
1712299115,approver,pb,pb,pb,2,Active,2024-04-05 15:24:24.056405,on,,,,,,,,
3333,maker,ak,ak,ak,1,inactive,2024-04-05 15:25:17.657922,on,,,,,,,,
1712310989,maker,jk,jk,jk,1,Active,2024-04-05 15:26:36.874903,on,,,,,,,,
1712310975,approver,vc,vc,vc,2,Active,2024-04-05 15:27:04.607341,on,,,,,,,,
1712310961,admin,df,df,df,3,Active,2024-04-05 15:29:23.058091,on,,,,,,,,
1712310949,maker,p,p,p,1,Active,2024-04-05 15:33:47.681187,on,,,,,,,,
1712310949,maker,p,p,p,1,Active,2024-04-05 15:33:47.681187,on,,,,,,,,
1712310937,approver,Bharati Bhopale,b,b,2,Active,2024-04-05 15:33:51.845626,on,,,,,,,,
1712310926,admin,Jyoti Bhopale,j,j,3,Active,2024-04-05 15:34:53.026549,on,,,,,,,,
1712311541,approver,Jyoti Bhopale,j,j,2,Active,2024-04-05 15:39:16.767842,on,,,,,,,,
1712311942,approver,Jyoti Bhopale,mn,mn,2,Active,2024-04-05 15:42:24.621911,on,,,,,,,,
1712384268,approver,klkl,klkl,klkl,2,Active,2024-04-06 12:34:52.701260,on,,,,,,,,
1712325912,maker,cbvh,fch,gh nhgf,1,Active,2024-04-06 12:34:54.113101,on,,,,,,,,
1712384873,maker,asassasa,sssaassas,assasasadasa,1,Active,2024-04-06 12:35:03.469579,on,,,,,,,,
1712384873,maker,asassasa,sssaassas,assasasadasa,1,Active,2024-04-06 12:35:03.469579,on,,,,,,,,
1712387371,admin,llllllllllllllllllll,lllllllllllllllll,lllllllllllllllllll,3,Active,2024-04-06 12:45:33.719382,on,,,,,,,,
1712387371,admin,llllllllllllllllllll,lllllllllllllllll,lllllllllllllllllll,3,Active,2024-04-06 12:45:33.719382,on,,,,,,,,
1712387189,maker,xfc,fdfgddf,fgghyjnmhbkhjj,1,Active,2024-04-06 12:45:36.833431,on,,,,,,,,
1712387189,maker,xfc,fdfgddf,fgghyjnmhbkhjj,1,Active,2024-04-06 12:45:36.833431,on,,,,,,,,
1712387118,approver,abc,abc,abc,2,Active,2024-04-06 12:45:38.220150,on,,,,,,,,
1712387118,approver,abc,abc,abc,2,Active,2024-04-06 12:45:38.220150,on,,,,,,,,
1712382019,approver,ss,ss,s,2,Active,2024-04-06 12:45:40.345001,on,,,,,,,,
1712323400,approver,fdd,dg,dggdfgfgfg,2,Active,2024-04-06 12:48:48.088156,on,,,,,,,,
1712319566,approver,xyz,xyz,abcd,2,Active,2024-04-06 16:13:25.930237,on,,,,,,,,
1712319566,approver,xyz,xyz,abcd,2,Active,2024-04-06 16:13:25.920152,on,,,,,,,,
1712319566,approver,xyz,xyz,abcd,2,Active,2024-04-06 16:13:25.915167,on,,,,,,,,
1712319566,approver,xyz,xyz,abcd,2,Active,2024-04-06 16:13:25.925623,on,,,,,,,,
1712319566,approver,xyz,xyz,abcd,2,Active,2024-04-06 16:13:25.933228,on,,,,,,,,
1712319566,approver,xyz,xyz,abcd,2,Active,2024-04-06 16:13:25.929214,on,,,,,,,,
1712319566,approver,xyz,xyz,abcd,2,Active,2024-04-06 16:13:25.942243,on,,,,,,,,
1712311927,approver,1111,111,111,2,inactive,2024-04-06 17:36:03.391597,df11,,,,,,,,
1712396595,approver,asret,aetyret,artttyrtertr,23333333,Active,2024-04-06 17:36:04.930002,df11,,,,,,,,
1712311913,maker,vc1,vc1,vc1,1,Active,2024-04-06 18:10:59.409407,dflkk,,,,,,,,
1712408609,admin,ankita,ankita,as,3,Active,2024-04-06 18:34:26.055321,dflkk,,,,,,,,
1712408609,admin,ankita,ankita,as,3,Active,2024-04-06 18:34:26.055321,dflkk,,,,,,,,
1712408609,admin,ankita,ankita,as,3,Active,2024-04-06 18:34:26.055321,dflkk,,,,,,,,
1,,,,,,,2024-06-07 11:01:57.299164,John1,John1,John123@gmail.com,9876543210,Admin,"[""alerts"",""roles""]","[""Admin"",""Maker""]",Speed@1234,Inactive
